iot_start, iot_end, edge_start1, edge_end1, cloud_start, cloud_end, edge_start2, edge_end2
1737545461.1331675,1737545461.5583422,1737545461.1645813,1737545461.2903574,1737545461.3043258,1737545461.5369093,1737545461.5395436,1737545461.5396254
1737545461.1331675,1737545461.6150591,1737545461.1645813,1737545461.2903574,1737545461.3043258,1737545461.5369093,1737545461.5395436,1737545461.5396254
1737545461.1331675,1737545461.6513374,1737545461.1645813,1737545461.2903574,1737545461.3043258,1737545461.5369093,1737545461.5395436,1737545461.5396254
1737545461.1331675,1737545461.6764092,1737545461.1645813,1737545461.2903574,1737545461.3043258,1737545461.5369093,1737545461.5395436,1737545461.5396254
1737545465.2695644,1737545465.6208014,1737545465.3036394,1737545465.5032067,1737545465.5185146,1737545465.6029687,1737545465.6061504,1737545465.60619
1737545465.2695644,1737545465.6473296,1737545465.3036394,1737545465.5032067,1737545465.5185146,1737545465.6029687,1737545465.6061504,1737545465.60619
1737545471.529273,1737545471.8419504,1737545471.553951,1737545471.6689043,1737545471.6812556,1737545471.8256745,1737545471.8277698,1737545471.827855
1737545508.1741529,1737545508.4481027,1737545508.2013412,1737545508.3189852,1737545508.3326054,1737545508.4124894,1737545508.4151187,1737545508.415182
1737545508.1741529,1737545508.4958813,1737545508.2013412,1737545508.3189852,1737545508.3326054,1737545508.4124894,1737545508.4151187,1737545508.415182
1737545508.1741529,1737545508.526858,1737545508.2013412,1737545508.3189852,1737545508.3326054,1737545508.4124894,1737545508.4151187,1737545508.415182
1737545728.4660513,1737545728.817363,1737545728.5237598,1737545728.6417906,1737545728.6572444,1737545728.743813,1737545728.747939,1737545728.748016
1737545728.4660513,1737545728.949319,1737545728.5237598,1737545728.6417906,1737545728.6572444,1737545728.743813,1737545728.747939,1737545728.748016
1737546068.6848724,1737546068.9329598,1737546068.7031794,1737546068.81488,1737546068.8291755,1737546068.9060552,1737546068.9091895,1737546068.9092538
1737546068.6848724,1737546069.0512176,1737546068.7031794,1737546068.81488,1737546068.8291755,1737546068.9060552,1737546068.9091895,1737546068.9092538
1737546266.9393451,1737546267.670755,1737546267.0104437,1737546267.1274712,1737546267.1459296,1737546267.639893,1737546267.6428955,1737546267.6429732
1737546266.9393451,1737546267.7847567,1737546267.0104437,1737546267.1274712,1737546267.1459296,1737546267.639893,1737546267.6428955,1737546267.6429732
1737546266.9393451,1737546267.823895,1737546267.0104437,1737546267.1274712,1737546267.1459296,1737546267.639893,1737546267.6428955,1737546267.6429732
1737546271.1297703,1737546272.1775439,1737546271.1911192,1737546271.536271,1737546271.550797,1737546272.1468325,1737546272.1496744,1737546272.149754
1737546271.1297703,1737546272.2211552,1737546271.1911192,1737546271.536271,1737546271.550797,1737546272.1468325,1737546272.1496744,1737546272.149754
1737546271.1297703,1737546272.2610407,1737546271.1911192,1737546271.536271,1737546271.550797,1737546272.1468325,1737546272.1496744,1737546272.149754
1737546277.4145901,1737546278.237165,1737546277.4762323,1737546277.59862,1737546277.6186163,1737546278.2069483,1737546278.2102883,1737546278.210369
1737546277.4145901,1737546278.2862597,1737546277.4762323,1737546277.59862,1737546277.6186163,1737546278.2069483,1737546278.2102883,1737546278.210369
1737546314.5242817,1737546314.8073835,1737546314.575777,1737546314.6962836,1737546314.7120514,1737546314.7812333,1737546314.7848902,1737546314.7849672
1737546531.1374128,1737546531.935121,1737546531.1720533,1737546531.2943265,1737546531.309738,1737546531.8633425,1737546531.866887,1737546531.866963
1737546531.1374128,1737546532.0946312,1737546531.1720533,1737546531.2943265,1737546531.309738,1737546531.8633425,1737546531.866887,1737546531.866963
1737546877.2771842,1737546877.5243042,1737546877.3006775,1737546877.4243557,1737546877.4367487,1737546877.5027106,1737546877.5051618,1737546877.5052247
1737547076.7723205,1737547077.0320604,1737547076.8049693,1737547076.9205983,1737547076.9364517,1737547077.0104861,1737547077.0131757,1737547077.013227
1737547076.7723205,1737547077.1765924,1737547076.8049693,1737547076.9205983,1737547076.9364517,1737547077.0104861,1737547077.0131757,1737547077.013227
1737547080.9222627,1737547081.3061044,1737547080.9446936,1737547081.1971464,1737547081.212955,1737547081.2836933,1737547081.2865372,1737547081.2866116
1737547080.9222627,1737547081.3358946,1737547080.9446936,1737547081.1971464,1737547081.212955,1737547081.2836933,1737547081.2865372,1737547081.2866116
1737547080.9222627,1737547081.3691993,1737547080.9446936,1737547081.1971464,1737547081.212955,1737547081.2836933,1737547081.2865372,1737547081.2866116
1737547087.1644347,1737547087.5153403,1737547087.188221,1737547087.3832912,1737547087.3976228,1737547087.4931848,1737547087.496422,1737547087.4964914
1737547087.1644347,1737547087.5323422,1737547087.188221,1737547087.3832912,1737547087.3976228,1737547087.4931848,1737547087.496422,1737547087.4964914
1737547123.8985221,1737547124.215611,1737547123.9592612,1737547124.0742137,1737547124.089192,1737547124.1858597,1737547124.189444,1737547124.1895146
1737547123.8985221,1737547124.2493045,1737547123.9592612,1737547124.0742137,1737547124.089192,1737547124.1858597,1737547124.189444,1737547124.1895146
1737547123.8985221,1737547124.2891185,1737547123.9592612,1737547124.0742137,1737547124.089192,1737547124.1858597,1737547124.189444,1737547124.1895146
1737547342.6688962,1737547342.956636,1737547342.6978617,1737547342.8172216,1737547342.8340263,1737547342.9199164,1737547342.9226084,1737547342.9226637
